"60059","Sofa Covers","4"
"35688","Car & Bike Care","3"
"46129","Jeans","3"
"72117","Towels","3"
"82933","Towels","3"
"85779","Beds","3"
"96253","Running Shoes","3"
"10006","Samsung Mobile","2"
"10087","Car & Bike Care","2"
"10244","Shirts","2"
"10334","Car Seat Covers","2"
"10373","Shirts","2"
"10541","Car Pillow & Neck Rest","2"
"10684","T - Shirts","2"
"11050","Titak watch","2"
"11140","Jeans","2"
"11291","Titak watch","2"
"11544","T - Shirts","2"
"11555","Fossil Watch","2"
"11582","Car Body Covers","2"
"11632","Running Shoes","2"
"11731","Sneakers","2"
"11828","Jeans","2"
"12292","Fossil Watch","2"
"12635","Car Body Covers","2"
"12673","Sports Wear","2"
"12694","Car & Bike Care","2"
"12762","Car Pillow & Neck Rest","2"
"13047","Suits","2"
"13315","Shirts","2"
"13468","T - Shirts","2"
"13491","Car Body Covers","2"
"13590","Jeans","2"
"13887","Sneakers","2"
"13934","Car Pillow & Neck Rest","2"
"13937","Sports Wear","2"
"13996","Shirts","2"
"14014","Casula Shoes","2"
"14024","Fossil Watch","2"
"14200","Titak watch","2"
"14569","Jeans","2"
"14760","Car Media Players","2"
"15342","Formal Shoes","2"
"15423","Jeans","2"
"15460","Jeans","2"
"15471","Sneakers","2"
"15702","Casula Shoes","2"
"15948","Car Speakers","2"
"16754","Car Mat","2"
"16992","Jeans","2"
